Date,Time,Session duration,Entry URL,Exit URL,Referrer:,Clarity user ID,Browser,Device,OS,Country,Page count,Session clicks,Favorite,Recording link
1/6/2025,8:46 PM,8:27,https://hoperiddle.s2-tastewp.com/?fbclid=IwY2xjawHpBElleHRuA2FlbQIxMQABHcOegU4D1GE9iLQnx6RUDnlgirrsMQp4g0xH5EmaasGipeZhAJisPdw8Ag_aem_UTYaEpsTuqrUHp1AhpeaKg,https://hoperiddle.s2-tastewp.com/?fbclid=IwY2xjawHpBElleHRuA2FlbQIxMQABHcOegU4D1GE9iLQnx6RUDnlgirrsMQp4g0xH5EmaasGipeZhAJisPdw8Ag_aem_UTYaEpsTuqrUHp1AhpeaKg,https://l.facebook.com/,q6izch,Safari,PC,MacOS,Romania,1,0,FALSE,https://clarity.microsoft.com/player/ovyg4f84dj/q6izch/hyvf8o/?ss=1736189179000&sd=507
1/6/2025,8:45 PM,1:43,https://hoperiddle.s2-tastewp.com/?fbclid=IwY2xjawHpBCNleHRuA2FlbQIxMQABHcOegU4D1GE9iLQnx6RUDnlgirrsMQp4g0xH5EmaasGipeZhAJisPdw8Ag_aem_UTYaEpsTuqrUHp1AhpeaKg,https://hoperiddle.s2-tastewp.com/?fbclid=IwY2xjawHpBCNleHRuA2FlbQIxMQABHcOegU4D1GE9iLQnx6RUDnlgirrsMQp4g0xH5EmaasGipeZhAJisPdw8Ag_aem_UTYaEpsTuqrUHp1AhpeaKg,https://l.facebook.com/,1iacngx,Unknown,Mobile,Android,Romania,1,0,FALSE,https://clarity.microsoft.com/player/ovyg4f84dj/1iacngx/adinqn/?ss=1736189141000&sd=103
1/6/2025,8:45 PM,7:22,https://hoperiddle.s2-tastewp.com/?fbclid=IwY2xjawHpBAtleHRuA2FlbQIxMAABHV_QgFfZf96sImzR8YBUQhuB63o_3BqbyVvA5kkJAZiDI10L2ZA5DElwUQ_aem_E5CNYth_bsmtdbB3mYT3IA,https://hoperiddle.s2-tastewp.com/,https://l.facebook.com/,l70lq4,Chrome,PC,Windows,Romania,7,4,FALSE,https://clarity.microsoft.com/player/ovyg4f84dj/l70lq4/cmae2u/?ss=1736189119000&sd=442
1/6/2025,8:29 PM,0:43,https://hoperiddle.s2-tastewp.com/?fbclid=IwZXh0bgNhZW0CMTEAAR3H32_NXR6BTGmhBrqgBPk66cd41ed_qJM3cgtCZyKbsFPh6bO8Kmg9c_0_aem_WhUO4SJ8gVSSeRciT3-WZw,https://hoperiddle.s2-tastewp.com/?fbclid=IwZXh0bgNhZW0CMTEAAR3H32_NXR6BTGmhBrqgBPk66cd41ed_qJM3cgtCZyKbsFPh6bO8Kmg9c_0_aem_WhUO4SJ8gVSSeRciT3-WZw,http://m.facebook.com/,1rugv9b,Unknown,Mobile,iOS,Romania,1,0,FALSE,https://clarity.microsoft.com/player/ovyg4f84dj/1rugv9b/4darze/?ss=1736188148000&sd=43
1/6/2025,8:28 PM,0:12,https://hoperiddle.s2-tastewp.com/?fbclid=IwZXh0bgNhZW0CMTEAAR3DnoFOA9RhPYi0J8ekVA55YIq67DEKeINMR-RJmmrBoqXmYQCYrD3cPAI_aem_UTYaEpsTuqrUHp1AhpeaKg,https://hoperiddle.s2-tastewp.com/?fbclid=IwZXh0bgNhZW0CMTEAAR3DnoFOA9RhPYi0J8ekVA55YIq67DEKeINMR-RJmmrBoqXmYQCYrD3cPAI_aem_UTYaEpsTuqrUHp1AhpeaKg,http://m.facebook.com/,549fer,Unknown,Mobile,iOS,Romania,1,0,FALSE,https://clarity.microsoft.com/player/ovyg4f84dj/549fer/1refs7l/?ss=1736188111000&sd=12
1/6/2025,5:19 PM,0:06,https://hoperiddle.s2-tastewp.com/contact-proba/,https://hoperiddle.s2-tastewp.com/contact-proba/,,1rvfyev,Chrome,PC,MacOS,Romania,1,0,FALSE,https://clarity.microsoft.com/player/ovyg4f84dj/1rvfyev/1ymfi72/?ss=1736176783000&sd=6
1/6/2025,3:41 PM,1:24,https://hoperiddle.s2-tastewp.com/?fbclid=IwY2xjawHovMBleHRuA2FlbQIxMAABHd5UQempVTFqOpXLzBtLy1X_X8HxYJjT57_ys51nksp1-JteLpCbJWGZGQ_aem_GU5pVj7EV60y8qyQbegrLg,https://hoperiddle.s2-tastewp.com/2024/11/03/pomegranate-salad/,https://l.facebook.com/,uxlpch,Chrome,PC,Windows,Romania,3,5,FALSE,https://clarity.microsoft.com/player/ovyg4f84dj/uxlpch/wcktym/?ss=1736170867000&sd=84
1/6/2025,10:20 AM,0:14,https://hoperiddle.s2-tastewp.com/,https://hoperiddle.s2-tastewp.com/,https://hoperiddle.s2-tastewp.com/wp-admin/upload.php?page=webp_express_conversion_page,wvoybd,Chrome,PC,Windows,Romania,1,0,FALSE,https://clarity.microsoft.com/player/ovyg4f84dj/wvoybd/qve7cy/?ss=1736151630000&sd=14
1/5/2025,10:17 PM,0:40,https://hoperiddle.s2-tastewp.com/recipes/,https://hoperiddle.s2-tastewp.com/2024/11/11/microwave-mug-cake/,https://hoperiddle.s2-tastewp.com/?fbclid=IwZXh0bgNhZW0CMTEAAR0h6o-D_cEHGGdH7Zac4x0fOk8vZjHVtQvxUKJ6N-l7Gl4VJSNVLuafruU_aem_IiIM3N9XmOEmR6zYtjNMiw,17yl2xd,ChromeMobile,Mobile,iOS,Romania,3,2,FALSE,https://clarity.microsoft.com/player/ovyg4f84dj/17yl2xd/vfm64n/?ss=1736108252000&sd=40
1/5/2025,10:17 PM,0:08,https://hoperiddle.s2-tastewp.com/?fbclid=IwZXh0bgNhZW0CMTEAAR0h6o-D_cEHGGdH7Zac4x0fOk8vZjHVtQvxUKJ6N-l7Gl4VJSNVLuafruU_aem_IiIM3N9XmOEmR6zYtjNMiw,https://hoperiddle.s2-tastewp.com/?fbclid=IwZXh0bgNhZW0CMTEAAR0h6o-D_cEHGGdH7Zac4x0fOk8vZjHVtQvxUKJ6N-l7Gl4VJSNVLuafruU_aem_IiIM3N9XmOEmR6zYtjNMiw,,17yl2xd,ChromeMobile,Mobile,iOS,Romania,1,2,FALSE,https://clarity.microsoft.com/player/ovyg4f84dj/17yl2xd/58efek/?ss=1736108243000&sd=8
12/13/2024,12:42 PM,0:41,https://hoperiddle.s2-tastewp.com/,https://hoperiddle.s2-tastewp.com/2024/11/11/new-york-cheesecake/,,1lyb8v3,Edge,PC,Windows,Romania,2,1,FALSE,https://clarity.microsoft.com/player/ovyg4f84dj/1lyb8v3/1gg8ulm/?ss=1734086552000&sd=41
12/8/2024,6:17 PM,0:11,https://hoperiddle.s2-tastewp.com/2024/11/21/raspberry-bread/,https://hoperiddle.s2-tastewp.com/2024/11/21/raspberry-bread/,https://hoperiddle.s2-tastewp.com/?fbclid=PAZXh0bgNhZW0CMTEAAabKNQavpDHibHUUCauQbijg7E3u5FEuv2gYR0zvrkbgzcnG-i-PjvqeBys_aem_SE5vorifO5-tJiSYlGY3sA,n0w3ym,Unknown,Mobile,iOS,Romania,1,0,FALSE,https://clarity.microsoft.com/player/ovyg4f84dj/n0w3ym/5d1q0/?ss=1733674649000&sd=11
12/8/2024,6:16 PM,0:38,https://hoperiddle.s2-tastewp.com/?fbclid=PAZXh0bgNhZW0CMTEAAabKNQavpDHibHUUCauQbijg7E3u5FEuv2gYR0zvrkbgzcnG-i-PjvqeBys_aem_SE5vorifO5-tJiSYlGY3sA,https://hoperiddle.s2-tastewp.com/?fbclid=PAZXh0bgNhZW0CMTEAAabKNQavpDHibHUUCauQbijg7E3u5FEuv2gYR0zvrkbgzcnG-i-PjvqeBys_aem_SE5vorifO5-tJiSYlGY3sA,https://l.instagram.com/,wam00,Unknown,Mobile,iOS,Romania,1,3,FALSE,https://clarity.microsoft.com/player/ovyg4f84dj/wam00/1um5i9j/?ss=1733674610000&sd=38
12/3/2024,7:59 AM,1:43,https://hoperiddle.s2-tastewp.com/,https://hoperiddle.s2-tastewp.com/,,1lyb8v3,Edge,PC,Windows,Romania,1,0,FALSE,https://clarity.microsoft.com/player/ovyg4f84dj/1lyb8v3/198roxh/?ss=1733205544000&sd=103
11/27/2024,7:42 PM,0:01,https://hoperiddle.s2-tastewp.com/about/,https://hoperiddle.s2-tastewp.com/about/,https://hoperiddle.s2-tastewp.com/,1ij6mn1,MobileSafari,Mobile,iOS,Romania,1,0,FALSE,https://clarity.microsoft.com/player/ovyg4f84dj/1ij6mn1/17f1axa/?ss=1732729363000&sd=1
11/27/2024,4:14 PM,35:32:00,https://hoperiddle.s2-tastewp.com/,https://hoperiddle.s2-tastewp.com/,,wvoybd,Chrome,PC,Windows,Romania,17,9,FALSE,https://clarity.microsoft.com/player/ovyg4f84dj/wvoybd/yfd6ws/?ss=1732716841000&sd=2132
11/26/2024,7:29 PM,7:38,https://hoperiddle.s2-tastewp.com/,https://hoperiddle.s2-tastewp.com/contact-proba/,,wvoybd,Chrome,PC,Windows,Romania,9,6,FALSE,https://clarity.microsoft.com/player/ovyg4f84dj/wvoybd/1w0lsez/?ss=1732642176000&sd=458
11/26/2024,6:10 PM,0:24,https://hoperiddle.s2-tastewp.com/?fbclid=IwZXh0bgNhZW0CMTEAAR3M7TPDzbk4I7xnng5m9Yhzy_fKFp8GRHEQIkAZLdPElXKqntBR8VbbQs0_aem_l_mHAwX29MwJ7gimPUNPVA,https://hoperiddle.s2-tastewp.com/?fbclid=IwZXh0bgNhZW0CMTEAAR3M7TPDzbk4I7xnng5m9Yhzy_fKFp8GRHEQIkAZLdPElXKqntBR8VbbQs0_aem_l_mHAwX29MwJ7gimPUNPVA,https://www.facebook.com/,1ucajp6,Chrome,PC,Linux,United States,1,0,FALSE,https://clarity.microsoft.com/player/ovyg4f84dj/1ucajp6/1l7ehm9/?ss=1732637401000&sd=24
11/26/2024,6:08 PM,0:20,https://hoperiddle.s2-tastewp.com/2024/11/21/kinder-maxi-king-cupcakes/?fbclid=IwZXh0bgNhZW0CMTEAAR08Py4N5tmJknMkSzgUYpYikKuAAuvKPpfhPD3wfG69UJUfB8BJE75dpzI_aem_jc2dI5f4631skLild1JaHQ,https://hoperiddle.s2-tastewp.com/2024/11/21/kinder-maxi-king-cupcakes/?fbclid=IwZXh0bgNhZW0CMTEAAR08Py4N5tmJknMkSzgUYpYikKuAAuvKPpfhPD3wfG69UJUfB8BJE75dpzI_aem_jc2dI5f4631skLild1JaHQ,https://www.facebook.com/,1igq2zh,Chrome,PC,Linux,United States,1,0,FALSE,https://clarity.microsoft.com/player/ovyg4f84dj/1igq2zh/l4hyxy/?ss=1732637297000&sd=20
11/26/2024,5:54 PM,16:46,https://hoperiddle.s2-tastewp.com/?fbclid=IwY2xjawGyzn1leHRuA2FlbQIxMAABHQsnpJ4vEu9P6Mpg96egKDyFv5OGYXYGgXc4xVWevteR1zU84vqimTfPpg_aem_LRPvWLT09NlKAYUabDm7ow,https://hoperiddle.s2-tastewp.com/2024/11/21/kinder-maxi-king-cupcakes/,https://l.facebook.com/,ec8zco,Chrome,PC,Windows,Romania,2,3,FALSE,https://clarity.microsoft.com/player/ovyg4f84dj/ec8zco/19m6pw1/?ss=1732636465000&sd=1006
11/26/2024,9:29 AM,1:30,https://hoperiddle.s2-tastewp.com/?fbclid=IwY2xjawGhQ6FleHRuA2FlbQIxMQABHftrbxDtF9cVb8fgRtbOYTp7cp_xuu-d_UYK8mYWiEke0JlNQKEYZ-iKpQ_aem_wP6Yu4RkxjtDU2ZZ6G4dsQ,https://hoperiddle.s2-tastewp.com/?fbclid=IwY2xjawGhQ6FleHRuA2FlbQIxMQABHftrbxDtF9cVb8fgRtbOYTp7cp_xuu-d_UYK8mYWiEke0JlNQKEYZ-iKpQ_aem_wP6Yu4RkxjtDU2ZZ6G4dsQ,http://m.facebook.com/,165g8ck,Unknown,Mobile,Android,Romania,1,0,FALSE,https://clarity.microsoft.com/player/ovyg4f84dj/165g8ck/1qxxoif/?ss=1732606148000&sd=90
11/26/2024,6:31 AM,4:45,https://hoperiddle.s2-tastewp.com/contact-us/,https://hoperiddle.s2-tastewp.com/contact-us/,,17062iz,Chrome,PC,Windows,India,1,0,FALSE,https://clarity.microsoft.com/player/ovyg4f84dj/17062iz/af0l0p/?ss=1732595515000&sd=285
11/21/2024,5:35 PM,0:05,https://hoperiddle.s2-tastewp.com/,https://hoperiddle.s2-tastewp.com/,,1ij6mn1,MobileSafari,Mobile,iOS,Romania,1,0,FALSE,https://clarity.microsoft.com/player/ovyg4f84dj/1ij6mn1/1hhwhw7/?ss=1732203353000&sd=5
11/21/2024,2:28 PM,5:58,https://hoperiddle.s2-tastewp.com/,https://hoperiddle.s2-tastewp.com/,,zoop35,Chrome,PC,Windows,Romania,1,0,FALSE,https://clarity.microsoft.com/player/ovyg4f84dj/zoop35/l8w5cv/?ss=1732192093000&sd=358
11/21/2024,10:34 AM,1:16,https://hoperiddle.s2-tastewp.com/,https://hoperiddle.s2-tastewp.com/,https://hoperiddle.s2-tastewp.com/wp-admin/edit.php?post_type=post,wvoybd,Chrome,PC,Windows,Romania,1,0,FALSE,https://clarity.microsoft.com/player/ovyg4f84dj/wvoybd/1h0rr2s/?ss=1732178066000&sd=76
11/21/2024,9:06 AM,1:00,https://hoperiddle.s2-tastewp.com/,https://hoperiddle.s2-tastewp.com/2024/11/21/focaccia/,,zoop35,Chrome,PC,Windows,Romania,2,3,FALSE,https://clarity.microsoft.com/player/ovyg4f84dj/zoop35/p1ne8e/?ss=1732172794000&sd=60
11/21/2024,8:36 AM,23:18,https://hoperiddle.s2-tastewp.com/,https://hoperiddle.s2-tastewp.com/2024/11/21/focaccia/,,wvoybd,Chrome,PC,Windows,Romania,2,0,FALSE,https://clarity.microsoft.com/player/ovyg4f84dj/wvoybd/1a0uj38/?ss=1732170974000&sd=1398
11/20/2024,9:27 AM,0:04,https://hoperiddle.s2-tastewp.com/about/,https://hoperiddle.s2-tastewp.com/about/,https://hoperiddle.s2-tastewp.com/,1ij6mn1,MobileSafari,Mobile,iOS,Romania,1,2,FALSE,https://clarity.microsoft.com/player/ovyg4f84dj/1ij6mn1/dvyv8q/?ss=1732087657000&sd=4
11/19/2024,5:18 PM,3:07,https://hoperiddle.s2-tastewp.com/about/,https://hoperiddle.s2-tastewp.com/about/,https://hoperiddle.s2-tastewp.com/,1ij6mn1,MobileSafari,Mobile,iOS,Romania,1,0,FALSE,https://clarity.microsoft.com/player/ovyg4f84dj/1ij6mn1/1i972f4/?ss=1732029511000&sd=187
11/19/2024,1:45 PM,0:34,https://hoperiddle.s2-tastewp.com/?fbclid=PAZXh0bgNhZW0CMTEAAaZp1LLZDUXFTdX9joQ-M0jQ5T-oJBuZr8BmYMkziKF7vEdIOMBG5QAaqg8_aem_7UN5-XLDiXw7ynwYfCozWg,https://hoperiddle.s2-tastewp.com/?fbclid=PAZXh0bgNhZW0CMTEAAaZp1LLZDUXFTdX9joQ-M0jQ5T-oJBuZr8BmYMkziKF7vEdIOMBG5QAaqg8_aem_7UN5-XLDiXw7ynwYfCozWg,https://l.instagram.com/,1wtuz3j,Unknown,Mobile,iOS,Romania,2,0,FALSE,https://clarity.microsoft.com/player/ovyg4f84dj/1wtuz3j/11b4syk/?ss=1732016745000&sd=34
11/19/2024,12:51 PM,15:13,https://hoperiddle.s2-tastewp.com/2024/11/11/cheesy-autumn-mushrooms/,https://hoperiddle.s2-tastewp.com/,https://hoperiddle.s2-tastewp.com/,112mpzv,Chrome,PC,Windows,Romania,4,2,FALSE,https://clarity.microsoft.com/player/ovyg4f84dj/112mpzv/1qn8kpl/?ss=1732013516000&sd=913
11/19/2024,12:39 PM,0:03,https://hoperiddle.s2-tastewp.com/?fbclid=PAZXh0bgNhZW0CMTEAAabzb-od3K0iD-k-eyOWEx3lN023Mc2Id-XVVpeyFwL6GIjgCN5OvMDz52w_aem_kNTEpD1GhspwDYN1nEaTPQ,https://hoperiddle.s2-tastewp.com/?fbclid=PAZXh0bgNhZW0CMTEAAabzb-od3K0iD-k-eyOWEx3lN023Mc2Id-XVVpeyFwL6GIjgCN5OvMDz52w_aem_kNTEpD1GhspwDYN1nEaTPQ,https://l.instagram.com/,1bl0jyc,Unknown,Mobile,iOS,Romania,1,0,FALSE,https://clarity.microsoft.com/player/ovyg4f84dj/1bl0jyc/el6j53/?ss=1732012776000&sd=3
11/19/2024,10:12 AM,10:39,https://hoperiddle.s2-tastewp.com/?fbclid=IwY2xjawGpJ9FleHRuA2FlbQIxMAABHRK88oA7Cu7Zob4nDHf7zrXgIF35Ab4w9pSq2dzL0FpBJBWcHiaVMv_8ug_aem_cP-q6E17eaQ5h0FbabfT7Q,https://hoperiddle.s2-tastewp.com/recipes/,https://l.facebook.com/,o2t7au,Chrome,PC,Windows,Romania,7,9,FALSE,https://clarity.microsoft.com/player/ovyg4f84dj/o2t7au/1flvo5z/?ss=1732003971000&sd=639
11/19/2024,9:16 AM,0:06,https://hoperiddle.s2-tastewp.com/,https://hoperiddle.s2-tastewp.com/,,1ij6mn1,MobileSafari,Mobile,iOS,Romania,1,0,FALSE,https://clarity.microsoft.com/player/ovyg4f84dj/1ij6mn1/15dlzlw/?ss=1732000587000&sd=6
11/18/2024,9:06 PM,0:01,https://hoperiddle.s2-tastewp.com/,https://hoperiddle.s2-tastewp.com/,,1ij6mn1,MobileSafari,Mobile,iOS,Romania,1,0,FALSE,https://clarity.microsoft.com/player/ovyg4f84dj/1ij6mn1/p8a0d1/?ss=1731956776000&sd=1
11/18/2024,12:47 PM,0:19,https://hoperiddle.s2-tastewp.com/,https://hoperiddle.s2-tastewp.com/,,2e9ldb,Safari,PC,MacOS,Romania,1,1,FALSE,https://clarity.microsoft.com/player/ovyg4f84dj/2e9ldb/1d7avr5/?ss=1731926876000&sd=19
11/18/2024,11:37 AM,1:02,https://hoperiddle.s2-tastewp.com/,https://hoperiddle.s2-tastewp.com/,,1ij6mn1,MobileSafari,Mobile,iOS,Romania,1,0,FALSE,https://clarity.microsoft.com/player/ovyg4f84dj/1ij6mn1/dd1wcg/?ss=1731922674000&sd=62
11/18/2024,9:44 AM,15:33,https://hoperiddle.s2-tastewp.com/,https://hoperiddle.s2-tastewp.com/,,1ij6mn1,MobileSafari,Mobile,iOS,Romania,2,0,FALSE,https://clarity.microsoft.com/player/ovyg4f84dj/1ij6mn1/6yvwxq/?ss=1731915884000&sd=933
11/18/2024,8:34 AM,0:12,https://hoperiddle.s2-tastewp.com/?fbclid=IwY2xjawGnv0lleHRuA2FlbQIxMQABHXNBE4lnJ_LV5BFA40xYo750730pSPsRfiuzF4EuLC-np2438RWB5DxZHw_aem_V7rg6i-yciWSqDvzU1ytxw,https://hoperiddle.s2-tastewp.com/?fbclid=IwY2xjawGnv0lleHRuA2FlbQIxMQABHXNBE4lnJ_LV5BFA40xYo750730pSPsRfiuzF4EuLC-np2438RWB5DxZHw_aem_V7rg6i-yciWSqDvzU1ytxw,https://lm.facebook.com/,8ufyam,Unknown,Mobile,Android,Romania,1,0,FALSE,https://clarity.microsoft.com/player/ovyg4f84dj/8ufyam/1290ytn/?ss=1731911676000&sd=12
11/18/2024,8:32 AM,3:15,https://hoperiddle.s2-tastewp.com/?fbclid=IwY2xjawGiv7VleHRuA2FlbQIxMAABHYQXk0-Y0WiScG4rLROkSvgqXE_bzfydMu37m1bZeRwNoRBv85I-k9snGw_aem_xbNPdGfO-WdBgyd9HRH6PA,https://hoperiddle.s2-tastewp.com/2024/11/03/chicken-shawarma-salad/,https://lm.facebook.com/,5174l8,Unknown,Mobile,Android,Romania,4,6,FALSE,https://clarity.microsoft.com/player/ovyg4f84dj/5174l8/1g3jgj7/?ss=1731911541000&sd=195
11/16/2024,6:35 PM,0:12,https://hoperiddle.s2-tastewp.com/?fbclid=PAZXh0bgNhZW0CMTEAAabj1w3wdHur7n-IaBof37vKpbSU0gccMI8_4oED_w5K5D76qwXDjgzJxQ8_aem_sL1K00z4hF4VcaxUTwrU2w,https://hoperiddle.s2-tastewp.com/2024/11/11/microwave-mug-cake/,https://l.instagram.com/,mgvmqn,Unknown,Mobile,iOS,Romania,2,1,FALSE,https://clarity.microsoft.com/player/ovyg4f84dj/mgvmqn/1j25vk1/?ss=1731774910000&sd=12
11/16/2024,2:40 PM,7:11,https://hoperiddle.s2-tastewp.com/?fbclid=IwY2xjawGlciJleHRuA2FlbQIxMAABHWlQGN2j7tKjLCRfOKm_fIL5eUrHjR319ONGIZKXqkHc6CtLbTL3Gtd75w_aem_HAn2_J-sngo1d40ZbgZBJg,https://hoperiddle.s2-tastewp.com/2024/11/11/new-york-cheesecake/,https://l.facebook.com/,1v4hrak,Chrome,PC,Windows,Romania,3,6,FALSE,https://clarity.microsoft.com/player/ovyg4f84dj/1v4hrak/1onu3lz/?ss=1731760852000&sd=431
11/16/2024,11:45 AM,0:13,https://hoperiddle.s2-tastewp.com/?fbclid=IwZXh0bgNhZW0CMTEAAR2teSSddtwULaNhPDjc2uieS4qAGaEcX74WsoCPSZx7lOgxeHa3VB1KYCE_aem_b3ZB55K0k1nE2zMrLC7ygw,https://hoperiddle.s2-tastewp.com/?fbclid=IwZXh0bgNhZW0CMTEAAR2teSSddtwULaNhPDjc2uieS4qAGaEcX74WsoCPSZx7lOgxeHa3VB1KYCE_aem_b3ZB55K0k1nE2zMrLC7ygw,http://m.facebook.com/,l7a32r,Unknown,Mobile,iOS,Romania,1,0,FALSE,https://clarity.microsoft.com/player/ovyg4f84dj/l7a32r/1rseamd/?ss=1731750322000&sd=13
11/15/2024,11:27 PM,0:04,https://hoperiddle.s2-tastewp.com/2024/11/11/ingredients/,https://hoperiddle.s2-tastewp.com/2024/11/11/ingredients/,https://hoperiddle.s2-tastewp.com/,1ij6mn1,MobileSafari,Mobile,iOS,Romania,1,0,FALSE,https://clarity.microsoft.com/player/ovyg4f84dj/1ij6mn1/1e1nyn2/?ss=1731706068000&sd=4
11/15/2024,11:26 PM,0:21,https://hoperiddle.s2-tastewp.com/?fbclid=PAZXh0bgNhZW0CMTEAAaaIE_GT2WtGhNpoi8nZMb7ykWTK6AXZk0gBqPnjG8hOAJjbeWOyLGc27zo_aem_tR-88xGIQ1es_gnGvt6YCg,https://hoperiddle.s2-tastewp.com/2024/11/11/homemade-pumpkin-spice-latte/,https://l.instagram.com/,l7iajz,Unknown,Mobile,iOS,Romania,2,1,FALSE,https://clarity.microsoft.com/player/ovyg4f84dj/l7iajz/nn8g5l/?ss=1731705984000&sd=21
11/15/2024,5:15 PM,0:08,https://hoperiddle.s2-tastewp.com/recipes/,https://hoperiddle.s2-tastewp.com/contact-proba/,https://hoperiddle.s2-tastewp.com/about/,54lv7c,Safari,PC,MacOS,Romania,2,1,FALSE,https://clarity.microsoft.com/player/ovyg4f84dj/54lv7c/11bd9jx/?ss=1731683726000&sd=8
11/15/2024,5:11 PM,0:01,https://hoperiddle.s2-tastewp.com/?fbclid=IwZXh0bgNhZW0CMTAAAR2P3_btxuWXDYT4r6S2A8ghKlJSU_nb-k3b88Qc8jpo78-AOp9AcBmzFPM_aem_uqb17Qsua0FnWXgoWGjOww,https://hoperiddle.s2-tastewp.com/?fbclid=IwZXh0bgNhZW0CMTAAAR2P3_btxuWXDYT4r6S2A8ghKlJSU_nb-k3b88Qc8jpo78-AOp9AcBmzFPM_aem_uqb17Qsua0FnWXgoWGjOww,,7rtla0,Unknown,Mobile,iOS,Romania,1,0,FALSE,https://clarity.microsoft.com/player/ovyg4f84dj/7rtla0/wwtl7p/?ss=1731683491000&sd=1
11/15/2024,1:45 PM,0:15,https://hoperiddle.s2-tastewp.com/,https://hoperiddle.s2-tastewp.com/2024/11/11/ingredients/,,1ij6mn1,MobileSafari,Mobile,iOS,Romania,2,1,FALSE,https://clarity.microsoft.com/player/ovyg4f84dj/1ij6mn1/d3iok4/?ss=1731671116000&sd=15
11/15/2024,12:25 PM,0:04,https://hoperiddle.s2-tastewp.com/2024/11/11/new-york-cheesecake/,https://hoperiddle.s2-tastewp.com/2024/11/11/new-york-cheesecake/,https://hoperiddle.s2-tastewp.com/?fbclid=PAZXh0bgNhZW0CMTEAAaY_l4iexmTMB0An2W1aaKPLqZmlnsnOhpmsqZCcq_HHcGPTvELps3k4c3g_aem_A9i9_U1nSLUfpEXpuMbk6A,mgvmqn,Unknown,Mobile,iOS,Romania,1,0,FALSE,https://clarity.microsoft.com/player/ovyg4f84dj/mgvmqn/j5a2w2/?ss=1731666303000&sd=4
11/15/2024,11:22 AM,0:07,https://hoperiddle.s2-tastewp.com/,https://hoperiddle.s2-tastewp.com/,,1ij6mn1,MobileSafari,Mobile,iOS,Romania,1,0,FALSE,https://clarity.microsoft.com/player/ovyg4f84dj/1ij6mn1/1imept5/?ss=1731662520000&sd=7
11/15/2024,10:18 AM,0:11,https://hoperiddle.s2-tastewp.com/?fbclid=PAZXh0bgNhZW0CMTEAAaaqCtm1hoxLT9VYImA0Jve_aHoA6ch68VCGoIwxiLhGa2GNqFr1L0QIobo_aem_j0eM2zMeskHU1pKmB1LUEg,https://hoperiddle.s2-tastewp.com/recipes/,,aeri67,ChromeMobile,Mobile,Android,Romania,2,2,FALSE,https://clarity.microsoft.com/player/ovyg4f84dj/aeri67/5wbq2m/?ss=1731658683000&sd=11
11/15/2024,9:28 AM,13:24,https://hoperiddle.s2-tastewp.com/?fbclid=IwY2xjawGj12tleHRuA2FlbQIxMAABHVHcUb-8yi8R7eE3qzkuxuxs3PtpWLBq-oGWZowaLZkn9ylWkLXNhsgoWw_aem_As8CSl5vxwqWzSgtA-QG_w,https://hoperiddle.s2-tastewp.com/recipes/,https://l.facebook.com/,1v4hrak,Chrome,PC,Windows,Romania,7,7,FALSE,https://clarity.microsoft.com/player/ovyg4f84dj/1v4hrak/12sxjwi/?ss=1731655709000&sd=804
11/14/2024,11:19 PM,0:20,https://hoperiddle.s2-tastewp.com/?fbclid=IwZXh0bgNhZW0CMTEAAR2m3JFWQKLOLB3ure8caYdPKi1ycfCmTFzbns1sxwBRBqp3SAY3RGbyx_c_aem_9QZrMi_akIllz8pBFK9r8A,https://hoperiddle.s2-tastewp.com/?fbclid=IwZXh0bgNhZW0CMTEAAR2m3JFWQKLOLB3ure8caYdPKi1ycfCmTFzbns1sxwBRBqp3SAY3RGbyx_c_aem_9QZrMi_akIllz8pBFK9r8A,https://lm.facebook.com/,zehk8r,Unknown,Mobile,Android,Hungary,1,0,FALSE,https://clarity.microsoft.com/player/ovyg4f84dj/zehk8r/1a6n2d9/?ss=1731619145000&sd=20
11/14/2024,8:49 PM,0:35,https://hoperiddle.s2-tastewp.com/,https://hoperiddle.s2-tastewp.com/category/breakfast/,http://m.facebook.com/,tojdo2,Unknown,Mobile,Android,Romania,2,2,FALSE,https://clarity.microsoft.com/player/ovyg4f84dj/tojdo2/1r5w2lv/?ss=1731610166000&sd=35
11/14/2024,7:19 PM,1:21,https://hoperiddle.s2-tastewp.com/?fbclid=IwY2xjawGjEExleHRuA2FlbQIxMQABHQAkevpArlAteJmvSv4Ebo0EAOjjfVVQcSZY_Fd8LLUytj2OVpW8tIXZ8Q_aem_HV6L44a571K7C96XHn3fvg,https://hoperiddle.s2-tastewp.com/?fbclid=IwY2xjawGjEExleHRuA2FlbQIxMQABHQAkevpArlAteJmvSv4Ebo0EAOjjfVVQcSZY_Fd8LLUytj2OVpW8tIXZ8Q_aem_HV6L44a571K7C96XHn3fvg,https://lm.facebook.com/,tpjgfn,Unknown,Mobile,Android,Romania,6,5,FALSE,https://clarity.microsoft.com/player/ovyg4f84dj/tpjgfn/1cymeno/?ss=1731604742000&sd=81
11/14/2024,3:32 PM,4:49,https://hoperiddle.s2-tastewp.com/,https://hoperiddle.s2-tastewp.com/contact-proba/,,1lyb8v3,Edge,PC,Windows,Romania,7,5,FALSE,https://clarity.microsoft.com/player/ovyg4f84dj/1lyb8v3/biv2re/?ss=1731591150000&sd=289
11/14/2024,3:31 PM,0:01,https://hoperiddle.s2-tastewp.com/,https://hoperiddle.s2-tastewp.com/,,11e0f3i,MobileSafari,Mobile,iOS,Romania,1,0,FALSE,https://clarity.microsoft.com/player/ovyg4f84dj/11e0f3i/1ad30m2/?ss=1731591077000&sd=1
11/14/2024,2:09 PM,0:05,https://hoperiddle.s2-tastewp.com/?fbclid=IwZXh0bgNhZW0CMTEAAR0RbNugHA-7CbKZ0Usf5afqtKxTEbrOe9qR_sjU-juuPW4Kicww4fpFtN8_aem_uIehfLx2Uz1wTeUyW-bPFg,https://hoperiddle.s2-tastewp.com/?fbclid=IwZXh0bgNhZW0CMTEAAR0RbNugHA-7CbKZ0Usf5afqtKxTEbrOe9qR_sjU-juuPW4Kicww4fpFtN8_aem_uIehfLx2Uz1wTeUyW-bPFg,http://m.facebook.com/,139fnc,Unknown,Mobile,iOS,Romania,1,0,FALSE,https://clarity.microsoft.com/player/ovyg4f84dj/139fnc/1k98qcg/?ss=1731586191000&sd=5
11/14/2024,1:35 PM,38:10:00,https://hoperiddle.s2-tastewp.com/?fbclid=IwY2xjawGiv7VleHRuA2FlbQIxMAABHYQXk0-Y0WiScG4rLROkSvgqXE_bzfydMu37m1bZeRwNoRBv85I-k9snGw_aem_xbNPdGfO-WdBgyd9HRH6PA,https://hoperiddle.s2-tastewp.com/?fbclid=IwY2xjawGiw7JleHRuA2FlbQIxMAABHd9ZnACyj_mqKAn938wOTu5bHGL3TKSA2DABUYe0ceSIP5ZLaqJbat51RA_aem_OyyiGcCSp1G0NxbP4Cwe5w,https://l.facebook.com/,1v4hrak,Chrome,PC,Windows,Romania,4,5,FALSE,https://clarity.microsoft.com/player/ovyg4f84dj/1v4hrak/1215zcm/?ss=1731584103000&sd=2290
11/14/2024,9:12 AM,0:58,https://hoperiddle.s2-tastewp.com/?fbclid=IwZXh0bgNhZW0CMTEAAR21ykh3LSj9x3gtZd0L0wcCHK0JKKoB8izFMJZZoO3kl_2dLkjsZdTbR2w_aem_TpLaCldsv7iMrJGvo2Ie3Q,https://hoperiddle.s2-tastewp.com/?fbclid=IwZXh0bgNhZW0CMTEAAR21ykh3LSj9x3gtZd0L0wcCHK0JKKoB8izFMJZZoO3kl_2dLkjsZdTbR2w_aem_TpLaCldsv7iMrJGvo2Ie3Q,http://m.facebook.com/,1ar9149,Unknown,Mobile,iOS,Hungary,1,0,FALSE,https://clarity.microsoft.com/player/ovyg4f84dj/1ar9149/12g06jl/?ss=1731568349000&sd=58
11/14/2024,12:11 AM,0:26,https://hoperiddle.s2-tastewp.com/?fbclid=IwZXh0bgNhZW0CMTEAAR2qTMf4zfz-gdgJwWziWBPAQrzPnvGicfVpG_n7gUTZYymfdmbs65P8wgI_aem_H-P8yp1x_VJO5JyHuyw-qQ,https://hoperiddle.s2-tastewp.com/?fbclid=IwZXh0bgNhZW0CMTEAAR2qTMf4zfz-gdgJwWziWBPAQrzPnvGicfVpG_n7gUTZYymfdmbs65P8wgI_aem_H-P8yp1x_VJO5JyHuyw-qQ,http://m.facebook.com/,x5dyxq,Unknown,Mobile,iOS,Slovakia,1,2,FALSE,https://clarity.microsoft.com/player/ovyg4f84dj/x5dyxq/gb4sef/?ss=1731535887000&sd=26
11/13/2024,11:44 PM,0:32,https://hoperiddle.s2-tastewp.com/?fbclid=IwY2xjawGh_RxleHRuA2FlbQIxMQABHYy1vlpaKlPKj4SeOvPW78DnspfI6IhGGENggYvzws4K2Ict1D4L_-OvPg_aem_2qD1FcyIs1mv0byNSqUcMw,https://hoperiddle.s2-tastewp.com/?fbclid=IwY2xjawGh_RxleHRuA2FlbQIxMQABHYy1vlpaKlPKj4SeOvPW78DnspfI6IhGGENggYvzws4K2Ict1D4L_-OvPg_aem_2qD1FcyIs1mv0byNSqUcMw,https://lm.facebook.com/,z3pofq,Unknown,Mobile,Android,Romania,1,3,FALSE,https://clarity.microsoft.com/player/ovyg4f84dj/z3pofq/14epo4t/?ss=1731534287000&sd=32
11/13/2024,9:32 PM,5:13,https://hoperiddle.s2-tastewp.com/?fbclid=IwZXh0bgNhZW0CMTEAAR27vOaVMa5YSJPetpbUTxj4RUWhZpoxHrIjewx66KN2ebhsnPYt998ACOk_aem_8LxQPAO-GWG5Tp8CmCyPTA,https://hoperiddle.s2-tastewp.com/?fbclid=IwZXh0bgNhZW0CMTEAAR27vOaVMa5YSJPetpbUTxj4RUWhZpoxHrIjewx66KN2ebhsnPYt998ACOk_aem_8LxQPAO-GWG5Tp8CmCyPTA,http://m.facebook.com/,xgeh6k,Unknown,Mobile,iOS,Romania,1,0,FALSE,https://clarity.microsoft.com/player/ovyg4f84dj/xgeh6k/1unazsx/?ss=1731526338000&sd=313
11/13/2024,7:44 PM,0:36,https://hoperiddle.s2-tastewp.com/?fbclid=IwY2xjawGhxM1leHRuA2FlbQIxMAABHRQYKpTUlVEILaWxLhDkzlLYffF5cCkObCg0yIpg_tW3k-RRk3J1xI_aGw_aem__HxOky6MIx012AU9T2pt2w,https://hoperiddle.s2-tastewp.com/?fbclid=IwY2xjawGhxM1leHRuA2FlbQIxMAABHRQYKpTUlVEILaWxLhDkzlLYffF5cCkObCg0yIpg_tW3k-RRk3J1xI_aGw_aem__HxOky6MIx012AU9T2pt2w,https://l.facebook.com/,82hb2x,Edge,PC,Windows,Hungary,1,1,FALSE,https://clarity.microsoft.com/player/ovyg4f84dj/82hb2x/sx4i9h/?ss=1731519874000&sd=36
11/13/2024,7:13 PM,0:08,https://hoperiddle.s2-tastewp.com/?fbclid=IwY2xjawGhvW1leHRuA2FlbQIxMQABHW5fpdBhOkD3j2IH2jftmDGEReHAEdeA2JF8zzT0Q_23L6ZHBaVHtsUQHQ_aem_vdsBz8EhmDczrqsJ07yykg,https://hoperiddle.s2-tastewp.com/?fbclid=IwY2xjawGhvW1leHRuA2FlbQIxMQABHW5fpdBhOkD3j2IH2jftmDGEReHAEdeA2JF8zzT0Q_23L6ZHBaVHtsUQHQ_aem_vdsBz8EhmDczrqsJ07yykg,https://lm.facebook.com/,1w6a0dd,Unknown,Mobile,Android,Romania,1,0,FALSE,https://clarity.microsoft.com/player/ovyg4f84dj/1w6a0dd/l8pgst/?ss=1731518004000&sd=8
11/13/2024,6:01 PM,0:01,https://hoperiddle.s2-tastewp.com/,https://hoperiddle.s2-tastewp.com/,,33a1ei,Unknown,Mobile,iOS,Romania,1,0,FALSE,https://clarity.microsoft.com/player/ovyg4f84dj/33a1ei/94kr2w/?ss=1731513700000&sd=1
11/13/2024,5:31 PM,0:13,https://hoperiddle.s2-tastewp.com/?fbclid=PAZXh0bgNhZW0CMTEAAaYz4jNw1lSXUCKfmK3VEPF2pxnjofCXu4esCbxCcmX1kSB82M4swgWgqjg_aem_yb7rGVCcwJOK5BrLo9-CVg,https://hoperiddle.s2-tastewp.com/?fbclid=PAZXh0bgNhZW0CMTEAAaYz4jNw1lSXUCKfmK3VEPF2pxnjofCXu4esCbxCcmX1kSB82M4swgWgqjg_aem_yb7rGVCcwJOK5BrLo9-CVg,https://l.instagram.com/,9wvdek,Unknown,Mobile,iOS,Romania,1,2,FALSE,https://clarity.microsoft.com/player/ovyg4f84dj/9wvdek/nxe1au/?ss=1731511915000&sd=13
11/13/2024,5:10 PM,8:15,https://hoperiddle.s2-tastewp.com/,https://hoperiddle.s2-tastewp.com/2024/11/11/new-york-cheesecake/,,54lv7c,Safari,PC,MacOS,Romania,8,10,FALSE,https://clarity.microsoft.com/player/ovyg4f84dj/54lv7c/jpjufw/?ss=1731510651000&sd=495
11/13/2024,5:00 PM,1:11,https://hoperiddle.s2-tastewp.com/,https://hoperiddle.s2-tastewp.com/category/breakfast/,,1w5lzhf,Chrome,PC,MacOS,Romania,2,1,FALSE,https://clarity.microsoft.com/player/ovyg4f84dj/1w5lzhf/1ka4vr4/?ss=1731510058000&sd=71
11/13/2024,4:50 PM,0:09,https://hoperiddle.s2-tastewp.com/,https://hoperiddle.s2-tastewp.com/,,1shfbqu,Chrome,PC,MacOS,United States,1,0,FALSE,https://clarity.microsoft.com/player/ovyg4f84dj/1shfbqu/vyysuf/?ss=1731509433000&sd=9
11/13/2024,3:39 PM,8:04,https://hoperiddle.s2-tastewp.com/?fbclid=IwZXh0bgNhZW0CMTEAAR2iBoFG5PSXDH4VSpa6aPYdDhVbzniQtEmd_zSigkkrF8l60cCyc1gr3p4_aem_BOITjftBn16i5N02w6TOtA,https://hoperiddle.s2-tastewp.com/?fbclid=IwZXh0bgNhZW0CMTEAAR2iBoFG5PSXDH4VSpa6aPYdDhVbzniQtEmd_zSigkkrF8l60cCyc1gr3p4_aem_BOITjftBn16i5N02w6TOtA,http://m.facebook.com/,1sxrkst,Unknown,Mobile,iOS,Romania,1,0,FALSE,https://clarity.microsoft.com/player/ovyg4f84dj/1sxrkst/1dwx8my/?ss=1731505187000&sd=484
11/13/2024,3:31 PM,0:22,https://hoperiddle.s2-tastewp.com/?fbclid=IwY2xjawGhiWhleHRuA2FlbQIxMAABHY_f9u3G5ZcNhPivpLYDyCEqUlJT-dv6TdvzxBzyOmjvz4A6n0BwGbMU8w_aem_uqb17Qsua0FnWXgoWGjOww,https://hoperiddle.s2-tastewp.com/page/2/?fbclid=IwY2xjawGhiWhleHRuA2FlbQIxMAABHY_f9u3G5ZcNhPivpLYDyCEqUlJT-dv6TdvzxBzyOmjvz4A6n0BwGbMU8w_aem_uqb17Qsua0FnWXgoWGjOww,https://l.facebook.com/,2oo1nz,Unknown,Mobile,iOS,United Kingdom,2,2,FALSE,https://clarity.microsoft.com/player/ovyg4f84dj/2oo1nz/1yyvooj/?ss=1731504667000&sd=22
11/13/2024,3:18 PM,0:41,https://hoperiddle.s2-tastewp.com/2024/11/11/homemade-pumpkin-spice-latte/,https://hoperiddle.s2-tastewp.com/2024/11/11/homemade-pumpkin-spice-latte/,https://hoperiddle.s2-tastewp.com/?fbclid=IwZXh0bgNhZW0CMTEAAR0FKqDBIEXpcWDAdJLyTX9CHpEI9kguShJuNLVQYJyVSIjBAQDr0OHsHac_aem_6i5EDGOWtMx-DycWpLli6w,23fue1,Unknown,Mobile,iOS,Romania,1,0,FALSE,https://clarity.microsoft.com/player/ovyg4f84dj/23fue1/17xxc2p/?ss=1731503888000&sd=41
11/13/2024,12:07 PM,0:08,https://hoperiddle.s2-tastewp.com/?fbclid=IwY2xjawGhWclleHRuA2FlbQIxMQABHTG6qQ09JPZIMAxeOa4tTD8LxNGOpj1CS6oihCoMA6lSi2G64LG06ypAPA_aem_L5OlP5ztCiKLMCLy2oIusQ,https://hoperiddle.s2-tastewp.com/?fbclid=IwY2xjawGhWclleHRuA2FlbQIxMQABHTG6qQ09JPZIMAxeOa4tTD8LxNGOpj1CS6oihCoMA6lSi2G64LG06ypAPA_aem_L5OlP5ztCiKLMCLy2oIusQ,https://lm.facebook.com/,65r55,Unknown,Mobile,Android,Romania,1,1,FALSE,https://clarity.microsoft.com/player/ovyg4f84dj/65r55/16zfzok/?ss=1731492476000&sd=8
11/13/2024,10:30 AM,3:16,https://hoperiddle.s2-tastewp.com/?fbclid=IwY2xjawGhQvVleHRuA2FlbQIxMQABHQiZdd13KP7dpMILD7HOtVAjcAai5qDKNxeZoj2teIndChB6XKIN7FXFOQ_aem_9sT0d7HtrFb6nbpucbUxmw,https://hoperiddle.s2-tastewp.com/?fbclid=IwY2xjawGhQ6FleHRuA2FlbQIxMQABHftrbxDtF9cVb8fgRtbOYTp7cp_xuu-d_UYK8mYWiEke0JlNQKEYZ-iKpQ_aem_wP6Yu4RkxjtDU2ZZ6G4dsQ,https://lm.facebook.com/,165g8ck,Unknown,Mobile,Android,Romania,10,5,FALSE,https://clarity.microsoft.com/player/ovyg4f84dj/165g8ck/1usqpoa/?ss=1731486632000&sd=196
11/13/2024,10:14 AM,1:45,https://hoperiddle.s2-tastewp.com/,https://hoperiddle.s2-tastewp.com/?fbclid=IwZXh0bgNhZW0CMTEAAR3z6WmVoJ9ah0jo_FUP9jUS0NL-6afsROnTZMGfADhe5GoW8aQxPUo6IaU_aem_ONk5D_yxgPhRNEQ0C7V5Qw,,agtbcn,Unknown,Mobile,iOS,Romania,3,8,FALSE,https://clarity.microsoft.com/player/ovyg4f84dj/agtbcn/1dmimjt/?ss=1731485694000&sd=105
11/13/2024,10:10 AM,0:31,https://hoperiddle.s2-tastewp.com/?fbclid=IwY2xjawGhPk1leHRuA2FlbQIxMQABHQR6BugmjJXOu4TerMrdQ_kTCDd2fp1z8c6D_H-b7AQRbIwVqYciQLCOMA_aem_gAllG3UQFY7AvWlq8MTUoA,https://hoperiddle.s2-tastewp.com/?fbclid=IwY2xjawGhPk1leHRuA2FlbQIxMQABHQR6BugmjJXOu4TerMrdQ_kTCDd2fp1z8c6D_H-b7AQRbIwVqYciQLCOMA_aem_gAllG3UQFY7AvWlq8MTUoA,https://lm.facebook.com/,1c7doq1,Unknown,Mobile,Android,Romania,1,0,FALSE,https://clarity.microsoft.com/player/ovyg4f84dj/1c7doq1/stpjde/?ss=1731485440000&sd=31
11/13/2024,9:55 AM,1:12,https://hoperiddle.s2-tastewp.com/?fbclid=IwY2xjawGhOqNleHRuA2FlbQIxMQABHXCx52jwTEY7g1LQqaTdgCedJZgynzxDI4wpWmEG4PUeCmazBNCY3HRS7g_aem_NBmC_UftQL6uT9NTddjk2Q,https://hoperiddle.s2-tastewp.com/?fbclid=IwY2xjawGhOtNleHRuA2FlbQIxMQABHXCx52jwTEY7g1LQqaTdgCedJZgynzxDI4wpWmEG4PUeCmazBNCY3HRS7g_aem_NBmC_UftQL6uT9NTddjk2Q,https://lm.facebook.com/,1vgpox4,Unknown,Mobile,Android,Romania,2,0,FALSE,https://clarity.microsoft.com/player/ovyg4f84dj/1vgpox4/1rlfeg4/?ss=1731484502000&sd=72
11/13/2024,9:45 AM,0:25,https://hoperiddle.s2-tastewp.com/?fbclid=IwZXh0bgNhZW0CMTEAAR22R_gNMLLhrVHjgFvL3qNPIml0sI1ErJ_ijPf_koMgc_u8PH0SNcDfDL4_aem_rc1X2YHzz2_Zp13daPnWKA,https://hoperiddle.s2-tastewp.com/?fbclid=IwZXh0bgNhZW0CMTEAAR22R_gNMLLhrVHjgFvL3qNPIml0sI1ErJ_ijPf_koMgc_u8PH0SNcDfDL4_aem_rc1X2YHzz2_Zp13daPnWKA,http://m.facebook.com/,16x6x4n,Unknown,Mobile,iOS,Romania,1,0,FALSE,https://clarity.microsoft.com/player/ovyg4f84dj/16x6x4n/19s6sxg/?ss=1731483924000&sd=25
11/13/2024,8:20 AM,0:05,https://hoperiddle.s2-tastewp.com/?fbclid=IwZXh0bgNhZW0CMTEAAR2WX5w6SWyX70AGsAGYmjmnjxGJc1M4mmvQMnrZEQjf9vFxJwM5JCJEGGQ_aem_oj5X80j_qgK0wMIDp-_YmA,https://hoperiddle.s2-tastewp.com/about/,,1h6j9fh,Unknown,Mobile,iOS,Romania,2,2,FALSE,https://clarity.microsoft.com/player/ovyg4f84dj/1h6j9fh/1ocv0ra/?ss=1731478851000&sd=5
11/13/2024,8:15 AM,0:16,https://hoperiddle.s2-tastewp.com/?fbclid=IwZXh0bgNhZW0CMTEAAR2QaPOR4eu3S6ZglX0OdSl9sQE2ElnSqu8H5-aGuRmljlGYKQmIl0QlCvs_aem_9CmNCa8Ia7-hXb-gFYmwcg,https://hoperiddle.s2-tastewp.com/?fbclid=IwZXh0bgNhZW0CMTEAAR2QaPOR4eu3S6ZglX0OdSl9sQE2ElnSqu8H5-aGuRmljlGYKQmIl0QlCvs_aem_9CmNCa8Ia7-hXb-gFYmwcg,http://m.facebook.com/,bt2ftx,Unknown,Mobile,iOS,Romania,1,0,FALSE,https://clarity.microsoft.com/player/ovyg4f84dj/bt2ftx/1q2oyig/?ss=1731478540000&sd=16
11/13/2024,7:29 AM,0:23,https://hoperiddle.s2-tastewp.com/?fbclid=IwY2xjawGhGHNleHRuA2FlbQIxMQABHeo5wkmzvp74DNatwlXZlJTZ-FYizwSbZCnTmwwYYnGBxIZb87Y7GofRRQ_aem_puldqcjteKax_qstMeEkcg,https://hoperiddle.s2-tastewp.com/?fbclid=IwY2xjawGhGHNleHRuA2FlbQIxMQABHeo5wkmzvp74DNatwlXZlJTZ-FYizwSbZCnTmwwYYnGBxIZb87Y7GofRRQ_aem_puldqcjteKax_qstMeEkcg,https://lm.facebook.com/,17wu066,Unknown,Mobile,Android,Romania,1,2,FALSE,https://clarity.microsoft.com/player/ovyg4f84dj/17wu066/p41uer/?ss=1731475750000&sd=23
11/13/2024,6:59 AM,1:02,https://hoperiddle.s2-tastewp.com/?fbclid=IwY2xjawGhEXVleHRuA2FlbQIxMQABHf02JPljeZgeN0xdqCGqbycdpstS5jGOCCyWoclVFTecxzyXzPQu2eBNyA_aem_bCA7WpJ4CRAsKSNAS6Ybdw,https://hoperiddle.s2-tastewp.com/?fbclid=IwY2xjawGhEXVleHRuA2FlbQIxMQABHf02JPljeZgeN0xdqCGqbycdpstS5jGOCCyWoclVFTecxzyXzPQu2eBNyA_aem_bCA7WpJ4CRAsKSNAS6Ybdw,https://lm.facebook.com/,gue9ld,Unknown,Mobile,Android,Romania,1,0,FALSE,https://clarity.microsoft.com/player/ovyg4f84dj/gue9ld/1kj6pmc/?ss=1731473960000&sd=62
11/13/2024,6:55 AM,0:02,https://hoperiddle.s2-tastewp.com/?fbclid=IwZXh0bgNhZW0CMTEAAR2WX5w6SWyX70AGsAGYmjmnjxGJc1M4mmvQMnrZEQjf9vFxJwM5JCJEGGQ_aem_oj5X80j_qgK0wMIDp-_YmA,https://hoperiddle.s2-tastewp.com/?fbclid=IwZXh0bgNhZW0CMTEAAR2WX5w6SWyX70AGsAGYmjmnjxGJc1M4mmvQMnrZEQjf9vFxJwM5JCJEGGQ_aem_oj5X80j_qgK0wMIDp-_YmA,,1dyk8w9,MobileSafari,Mobile,iOS,Romania,1,0,FALSE,https://clarity.microsoft.com/player/ovyg4f84dj/1dyk8w9/9c6ikc/?ss=1731473709000&sd=2
11/13/2024,5:36 AM,0:09,https://hoperiddle.s2-tastewp.com/?fbclid=IwZXh0bgNhZW0CMTEAAR3sHyFj4_IbIf_ylhDti4oUbyrN72YPOud4oK2KUhuBDcvTmGvWSeWF8Fw_aem_GLlDegFjIz9InmrXgtEkfA,https://hoperiddle.s2-tastewp.com/?fbclid=IwZXh0bgNhZW0CMTEAAR3sHyFj4_IbIf_ylhDti4oUbyrN72YPOud4oK2KUhuBDcvTmGvWSeWF8Fw_aem_GLlDegFjIz9InmrXgtEkfA,http://m.facebook.com/,f56rym,Unknown,Mobile,iOS,Romania,1,0,FALSE,https://clarity.microsoft.com/player/ovyg4f84dj/f56rym/1kiftev/?ss=1731468981000&sd=9
11/13/2024,4:56 AM,0:06,https://hoperiddle.s2-tastewp.com/?fbclid=IwY2xjawGg9LtleHRuA2FlbQIxMQABHeBHyj950ua07Gq6JVnIdWt5mjj518i5UHkllMELo7TyhPCTFwpAsSV9yQ_aem_I1YlmU1d-VPzIfPaq2OL7Q,https://hoperiddle.s2-tastewp.com/?fbclid=IwY2xjawGg9LtleHRuA2FlbQIxMQABHeBHyj950ua07Gq6JVnIdWt5mjj518i5UHkllMELo7TyhPCTFwpAsSV9yQ_aem_I1YlmU1d-VPzIfPaq2OL7Q,https://lm.facebook.com/,1sjmjqu,Unknown,Mobile,Android,Romania,1,0,FALSE,https://clarity.microsoft.com/player/ovyg4f84dj/1sjmjqu/q3ostd/?ss=1731466607000&sd=6
11/13/2024,1:11 AM,0:42,https://hoperiddle.s2-tastewp.com/?fbclid=IwY2xjawGgwAJleHRuA2FlbQIxMQABHXlWbEvDMtPqqN6klO4W0tXMLdWU1FLBE8nG8YudTDVXCErlvNJy4aid1w_aem_v7ncxC-xvZbb-9nmERE66w,https://hoperiddle.s2-tastewp.com/?fbclid=IwY2xjawGgwAJleHRuA2FlbQIxMQABHXlWbEvDMtPqqN6klO4W0tXMLdWU1FLBE8nG8YudTDVXCErlvNJy4aid1w_aem_v7ncxC-xvZbb-9nmERE66w,https://lm.facebook.com/,vw1ijo,Unknown,Mobile,Android,Romania,1,1,FALSE,https://clarity.microsoft.com/player/ovyg4f84dj/vw1ijo/tpacsc/?ss=1731453110000&sd=42
11/13/2024,12:46 AM,0:32,https://hoperiddle.s2-tastewp.com/?fbclid=IwY2xjawGguh1leHRuA2FlbQIxMQABHfosX26lGseQVEwQ9kjeqZPZDpFaw6fEI9QOSUBAV4_Po7yOvpwWuv3d0g_aem_Fh4ys_wSczJIdu8faxepXA,https://hoperiddle.s2-tastewp.com/recipes/,https://lm.facebook.com/,1yrv9et,Unknown,Mobile,Android,Hungary,4,4,FALSE,https://clarity.microsoft.com/player/ovyg4f84dj/1yrv9et/14kb71z/?ss=1731451602000&sd=32
11/13/2024,12:20 AM,0:30,https://hoperiddle.s2-tastewp.com/?fbclid=IwZXh0bgNhZW0CMTEAAR3Tz7qIrl_KoxtUQNqlWxNbz5Va_wxjyyL9uJjk-cfGlwx_zq43Unpk2rQ_aem_c02v6ZFT5t86-TpDJ7nAXA,https://hoperiddle.s2-tastewp.com/2024/11/11/cheesy-autumn-mushrooms/,http://m.facebook.com/,1byrwva,Unknown,Mobile,iOS,Hungary,3,3,FALSE,https://clarity.microsoft.com/player/ovyg4f84dj/1byrwva/13zopfp/?ss=1731450009000&sd=30
11/12/2024,11:48 PM,0:39,https://hoperiddle.s2-tastewp.com/?fbclid=IwY2xjawGgrJFleHRuA2FlbQIxMQABHWJwr5t_Itqfop5TFtNCRek6txWeBp4n6reCKT_nMXqoffr8lRQt4BgsEA_aem_VlakLNdzm5_3GkS0aGcwRg,https://hoperiddle.s2-tastewp.com/?fbclid=IwY2xjawGgrJFleHRuA2FlbQIxMQABHWJwr5t_Itqfop5TFtNCRek6txWeBp4n6reCKT_nMXqoffr8lRQt4BgsEA_aem_VlakLNdzm5_3GkS0aGcwRg,https://lm.facebook.com/,113p0d3,Unknown,Mobile,Android,Romania,1,0,FALSE,https://clarity.microsoft.com/player/ovyg4f84dj/113p0d3/1sib3x2/?ss=1731448132000&sd=39
11/12/2024,11:11 PM,1:10,https://hoperiddle.s2-tastewp.com/?fbclid=IwZXh0bgNhZW0CMTEAAR2CjaYVm9trzvO-6uXtWox7z7YfWPz_c3r2sz3OgRGriNIOu5Py21TUEAk_aem_V8HReZP34DqLXITv_es6ng,https://hoperiddle.s2-tastewp.com/?fbclid=IwZXh0bgNhZW0CMTEAAR2CjaYVm9trzvO-6uXtWox7z7YfWPz_c3r2sz3OgRGriNIOu5Py21TUEAk_aem_V8HReZP34DqLXITv_es6ng,https://lm.facebook.com/,129vdwt,Unknown,Mobile,Android,Hungary,5,2,FALSE,https://clarity.microsoft.com/player/ovyg4f84dj/129vdwt/7tazen/?ss=1731445903000&sd=70
11/12/2024,10:49 PM,1:49,https://hoperiddle.s2-tastewp.com/?fbclid=IwY2xjawGgnppleHRuA2FlbQIxMQABHbuinqEsrCKDiivMwEFPNKyOaRmkk7_u97LXrcn5O8Ze5kI67qNGGLwO9A_aem_XJkLzQe-aVLZy2C3KNGO_g,https://hoperiddle.s2-tastewp.com/category/breakfast/,https://lm.facebook.com/,17j2xif,Unknown,Mobile,Android,Romania,4,4,FALSE,https://clarity.microsoft.com/player/ovyg4f84dj/17j2xif/1aclpgm/?ss=1731444558000&sd=109
11/12/2024,10:46 PM,0:04,https://hoperiddle.s2-tastewp.com/?fbclid=IwY2xjawGgnf9leHRuA2FlbQIxMQABHbpayHllc7Z1A0RParJ476ugQu85fT3UyZGS1W-lK3YgVENDOzOyAQqhAg_aem_nX7h-F-7IjC1jE6RhPRbtQ,https://hoperiddle.s2-tastewp.com/?fbclid=IwY2xjawGgnf9leHRuA2FlbQIxMQABHbpayHllc7Z1A0RParJ476ugQu85fT3UyZGS1W-lK3YgVENDOzOyAQqhAg_aem_nX7h-F-7IjC1jE6RhPRbtQ,https://lm.facebook.com/,13s25un,Unknown,Mobile,Android,Romania,1,0,FALSE,https://clarity.microsoft.com/player/ovyg4f84dj/13s25un/1wn0abs/?ss=1731444402000&sd=4
11/12/2024,10:23 PM,0:25,https://hoperiddle.s2-tastewp.com/?fbclid=IwY2xjawGgmIdleHRuA2FlbQIxMQABHSY6E1V-e7sL5Fl5gxngbsHfA9UmUW6EhWKvtXXRlLDj4gvZDu0fHojusw_aem_Y7kbLA7dR8ePHnFjXVsm_A,https://hoperiddle.s2-tastewp.com/?fbclid=IwY2xjawGgmIdleHRuA2FlbQIxMQABHSY6E1V-e7sL5Fl5gxngbsHfA9UmUW6EhWKvtXXRlLDj4gvZDu0fHojusw_aem_Y7kbLA7dR8ePHnFjXVsm_A,https://lm.facebook.com/,b2bknx,Unknown,Mobile,Android,Hungary,1,0,FALSE,https://clarity.microsoft.com/player/ovyg4f84dj/b2bknx/ovamja/?ss=1731443007000&sd=25
11/12/2024,9:29 PM,27:26:00,https://hoperiddle.s2-tastewp.com/,https://hoperiddle.s2-tastewp.com/,,jw3z3p,ChromeMobile,Mobile,iOS,Hungary,1,0,FALSE,https://clarity.microsoft.com/player/ovyg4f84dj/jw3z3p/18bsuo/?ss=1731439759000&sd=1646
11/12/2024,9:29 PM,0:09,https://hoperiddle.s2-tastewp.com/?fbclid=IwZXh0bgNhZW0CMTEAAR20wLyhAAMyB51n686zkCqMgwaZVb_xECuyrXATIuOnjvCj8RwoEja9JTY_aem_Ra-DIhzQDk-lNH7vi4aFtA,https://hoperiddle.s2-tastewp.com/?fbclid=IwZXh0bgNhZW0CMTEAAR20wLyhAAMyB51n686zkCqMgwaZVb_xECuyrXATIuOnjvCj8RwoEja9JTY_aem_Ra-DIhzQDk-lNH7vi4aFtA,http://m.facebook.com/,1389hzf,Unknown,Mobile,iOS,Romania,1,2,FALSE,https://clarity.microsoft.com/player/ovyg4f84dj/1389hzf/croteg/?ss=1731439746000&sd=9
11/12/2024,9:28 PM,1:30,https://hoperiddle.s2-tastewp.com/?fbclid=IwZXh0bgNhZW0CMTEAAR0_FzdjzY-EJairLyYi5UeuMs7LJa13U7Tw-UMu2oYM4bMrjLEfPWqWDKY_aem_99adKR-issw3K2LdW1pfJA,https://hoperiddle.s2-tastewp.com/about/,,dv8lq0,Unknown,Mobile,iOS,Romania,2,15,FALSE,https://clarity.microsoft.com/player/ovyg4f84dj/dv8lq0/1k5cqr0/?ss=1731439689000&sd=90
11/12/2024,9:26 PM,0:38,https://hoperiddle.s2-tastewp.com/?fbclid=IwZXh0bgNhZW0CMTAAAR2P3_btxuWXDYT4r6S2A8ghKlJSU_nb-k3b88Qc8jpo78-AOp9AcBmzFPM_aem_uqb17Qsua0FnWXgoWGjOww,https://hoperiddle.s2-tastewp.com/,,1pgv50e,Unknown,Mobile,iOS,Romania,3,4,FALSE,https://clarity.microsoft.com/player/ovyg4f84dj/1pgv50e/1wtnhtq/?ss=1731439566000&sd=38
11/12/2024,9:24 PM,0:43,https://hoperiddle.s2-tastewp.com/2024/11/11/homemade-pumpkin-spice-latte/,https://hoperiddle.s2-tastewp.com/category/healthy/,https://hoperiddle.s2-tastewp.com/?fbclid=IwZXh0bgNhZW0CMTEAAR0_FzdjzY-EJairLyYi5UeuMs7LJa13U7Tw-UMu2oYM4bMrjLEfPWqWDKY_aem_99adKR-issw3K2LdW1pfJA,54cnf6,Unknown,Mobile,iOS,Romania,4,2,FALSE,https://clarity.microsoft.com/player/ovyg4f84dj/54cnf6/91html/?ss=1731439440000&sd=43
11/12/2024,8:43 PM,0:35,https://hoperiddle.s2-tastewp.com/?fbclid=IwZXh0bgNhZW0CMTEAAR1lJqussCQu8A5lEAcedpwoneqk5l7oKxkEHNMUfZSGU-EtaAcnRjxI3K8_aem_UKfCL7KeGBAUHyw_TBxPPQ,https://hoperiddle.s2-tastewp.com/?fbclid=IwZXh0bgNhZW0CMTEAAR1lJqussCQu8A5lEAcedpwoneqk5l7oKxkEHNMUfZSGU-EtaAcnRjxI3K8_aem_UKfCL7KeGBAUHyw_TBxPPQ,http://m.facebook.com/,1jnbhys,Unknown,Mobile,iOS,Austria,1,0,FALSE,https://clarity.microsoft.com/player/ovyg4f84dj/1jnbhys/1h525s7/?ss=1731437013000&sd=35
11/12/2024,8:35 PM,0:15,https://hoperiddle.s2-tastewp.com/,https://hoperiddle.s2-tastewp.com/,https://hoperiddle.s2-tastewp.com/recipes/,1ij6mn1,MobileSafari,Mobile,iOS,Romania,1,0,FALSE,https://clarity.microsoft.com/player/ovyg4f84dj/1ij6mn1/73dlcj/?ss=1731436546000&sd=15
11/12/2024,8:34 PM,22:40,https://hoperiddle.s2-tastewp.com/?fbclid=IwZXh0bgNhZW0CMTEAAR3B-EiopriyuqolUVQn1EJAC2RAz_ZGEzoMieQc_6czhOSEMtTGw-_Q1eU_aem_lgpcmWUASdjBLIeKY9GQgQ,https://hoperiddle.s2-tastewp.com/?fbclid=IwZXh0bgNhZW0CMTEAAR3B-EiopriyuqolUVQn1EJAC2RAz_ZGEzoMieQc_6czhOSEMtTGw-_Q1eU_aem_lgpcmWUASdjBLIeKY9GQgQ,http://m.facebook.com/,ibosf1,Unknown,Mobile,iOS,Romania,1,0,FALSE,https://clarity.microsoft.com/player/ovyg4f84dj/ibosf1/1hwjp7i/?ss=1731436453000&sd=1360
11/12/2024,8:27 PM,0:07,https://hoperiddle.s2-tastewp.com/?fbclid=IwY2xjawGgfXpleHRuA2FlbQIxMAABHY_f9u3G5ZcNhPivpLYDyCEqUlJT-dv6TdvzxBzyOmjvz4A6n0BwGbMU8w_aem_uqb17Qsua0FnWXgoWGjOww,https://hoperiddle.s2-tastewp.com/?fbclid=IwY2xjawGgfXpleHRuA2FlbQIxMAABHY_f9u3G5ZcNhPivpLYDyCEqUlJT-dv6TdvzxBzyOmjvz4A6n0BwGbMU8w_aem_uqb17Qsua0FnWXgoWGjOww,https://l.facebook.com/,f3tzop,Unknown,Mobile,iOS,Romania,1,0,FALSE,https://clarity.microsoft.com/player/ovyg4f84dj/f3tzop/leyjoh/?ss=1731436076000&sd=7
11/12/2024,8:23 PM,0:21,https://hoperiddle.s2-tastewp.com/?fbclid=IwZXh0bgNhZW0CMTEAAR1NtGwzFtMjKFSu5OMyta6JR2yMOrHSbqKhASjGWq0XBRhGBtFon_ZSY0U_aem_yoiuII53vluWqHOIIuH8lQ,https://hoperiddle.s2-tastewp.com/category/breakfast/,http://m.facebook.com/,fyhxa7,Unknown,Mobile,iOS,Romania,2,1,FALSE,https://clarity.microsoft.com/player/ovyg4f84dj/fyhxa7/lrtpyp/?ss=1731435789000&sd=21
11/12/2024,8:14 PM,0:27,https://hoperiddle.s2-tastewp.com/?fbclid=IwY2xjawGgel9leHRuA2FlbQIxMQABHQULSEKUTPqcxiLd77qQ2WpjHGVleGZKCuSIpLahrlyG3SAECLNgIUx6PA_aem_c6vIQWlGhF4XpCujlco8Og,https://hoperiddle.s2-tastewp.com/?fbclid=IwY2xjawGgel9leHRuA2FlbQIxMQABHQULSEKUTPqcxiLd77qQ2WpjHGVleGZKCuSIpLahrlyG3SAECLNgIUx6PA_aem_c6vIQWlGhF4XpCujlco8Og,https://lm.facebook.com/,llxnl6,Unknown,Mobile,Android,Romania,1,0,FALSE,https://clarity.microsoft.com/player/ovyg4f84dj/llxnl6/1yic0cn/?ss=1731435282000&sd=27
11/12/2024,8:11 PM,0:24,https://hoperiddle.s2-tastewp.com/?fbclid=IwZXh0bgNhZW0CMTEAAR3RB7CdMJ4e2_zAWmyROlkYrLwNsAazXRw7O9PqRNChH5QVPm2tSbhq8XY_aem_LhJuUkv4jhcFnA-XBBDydA,https://hoperiddle.s2-tastewp.com/?fbclid=IwZXh0bgNhZW0CMTEAAR2XEu9-zu8_2qDwukW85LVNEUnrDS2abp-_xp3TwUFBV-9BQJbfaz-Vmdo_aem_qV2OobPox7C0jPrJt6DyRw,http://m.facebook.com/,19furi5,Unknown,Mobile,iOS,Romania,2,3,FALSE,https://clarity.microsoft.com/player/ovyg4f84dj/19furi5/togrlz/?ss=1731435102000&sd=24
11/12/2024,8:05 PM,0:26,https://hoperiddle.s2-tastewp.com/?fbclid=IwZXh0bgNhZW0CMTEAAR3CqamjsAoBVMyS62xfSnuPOhzqUP1WWNsc3zHXF_kNZnF7PsvTK_n9Bao_aem_MkJkfwuUO8kkErgT3GrvGQ,https://hoperiddle.s2-tastewp.com/recipes/,http://m.facebook.com/,1ji4di,Unknown,Mobile,iOS,Romania,2,4,FALSE,https://clarity.microsoft.com/player/ovyg4f84dj/1ji4di/1foojgm/?ss=1731434751000&sd=26
11/12/2024,7:59 PM,0:25,https://hoperiddle.s2-tastewp.com/?fbclid=IwZXh0bgNhZW0CMTEAAR3oVZzjn5PXpWT2Hy9GQLqkYkZq6yekerWcxTMcoyjeA3V-MBIrzI8fJHo_aem_FSmclXXTzNn74nOTt_7fSA,https://hoperiddle.s2-tastewp.com/?fbclid=IwZXh0bgNhZW0CMTEAAR3oVZzjn5PXpWT2Hy9GQLqkYkZq6yekerWcxTMcoyjeA3V-MBIrzI8fJHo_aem_FSmclXXTzNn74nOTt_7fSA,https://lm.facebook.com/,73n1m9,Unknown,Mobile,Android,Hungary,1,0,FALSE,https://clarity.microsoft.com/player/ovyg4f84dj/73n1m9/1jivgfd/?ss=1731434379000&sd=25
11/12/2024,7:43 PM,0:28,https://hoperiddle.s2-tastewp.com/,https://hoperiddle.s2-tastewp.com/,,ff32q6,ChromeMobile,Mobile,iOS,Romania,1,2,FALSE,https://clarity.microsoft.com/player/ovyg4f84dj/ff32q6/17t2ib7/?ss=1731433393000&sd=28
11/12/2024,6:53 PM,0:23,https://hoperiddle.s2-tastewp.com/?fbclid=IwZXh0bgNhZW0CMTEAAR1xa1sOa0XQYcW7RvjJwAT-60WRQNnjtlBS_VG1ri6K6cmzzJoQq-rI3gU_aem_TR39FFOARcuUERZQFc_Qow,https://hoperiddle.s2-tastewp.com/?fbclid=IwZXh0bgNhZW0CMTEAAR1xa1sOa0XQYcW7RvjJwAT-60WRQNnjtlBS_VG1ri6K6cmzzJoQq-rI3gU_aem_TR39FFOARcuUERZQFc_Qow,http://m.facebook.com/,1sdmm9b,Unknown,Mobile,iOS,Romania,1,2,FALSE,https://clarity.microsoft.com/player/ovyg4f84dj/1sdmm9b/1fkcsxd/?ss=1731430386000&sd=23
11/12/2024,6:48 PM,0:04,https://hoperiddle.s2-tastewp.com/recipes/,https://hoperiddle.s2-tastewp.com/recipes/,https://hoperiddle.s2-tastewp.com/?fbclid=IwZXh0bgNhZW0CMTEAAR2WX5w6SWyX70AGsAGYmjmnjxGJc1M4mmvQMnrZEQjf9vFxJwM5JCJEGGQ_aem_oj5X80j_qgK0wMIDp-_YmA,arrkbi,Unknown,Mobile,iOS,Hungary,1,0,FALSE,https://clarity.microsoft.com/player/ovyg4f84dj/arrkbi/umlpxk/?ss=1731430106000&sd=4
11/12/2024,6:47 PM,0:10,https://hoperiddle.s2-tastewp.com/?fbclid=IwZXh0bgNhZW0CMTEAAR3z6WmVoJ9ah0jo_FUP9jUS0NL-6afsROnTZMGfADhe5GoW8aQxPUo6IaU_aem_ONk5D_yxgPhRNEQ0C7V5Qw,https://hoperiddle.s2-tastewp.com/about/,,agtbcn,Unknown,Mobile,iOS,Romania,2,4,FALSE,https://clarity.microsoft.com/player/ovyg4f84dj/agtbcn/14t8tq9/?ss=1731430074000&sd=10
11/12/2024,6:45 PM,0:31,https://hoperiddle.s2-tastewp.com/?fbclid=PAZXh0bgNhZW0CMTEAAabKjf0PkYidnzLaptRoL9XcAE-aB4uF12layi7lsjdNKCWewPZjdvyHjF0_aem_KzlqPEbyqE5nm6y5Kan3eA,https://hoperiddle.s2-tastewp.com/2024/11/11/american-pancakes-2/,https://l.instagram.com/,9292s,Unknown,Mobile,iOS,Romania,2,3,FALSE,https://clarity.microsoft.com/player/ovyg4f84dj/9292s/1fxyf9z/?ss=1731429937000&sd=31
11/12/2024,6:44 PM,3:03,https://hoperiddle.s2-tastewp.com/?fbclid=IwY2xjawGgZVBleHRuA2FlbQIxMQABHSz2bebdVR10UI1Woa4n0w2YqXwZszdehWYNtianN4Q_tYIpbJM1WPUJcQ_aem_BroNnlyal0fFkAAnX8vbAw,https://hoperiddle.s2-tastewp.com/about/,https://lm.facebook.com/,11404pf,Unknown,Mobile,Android,Romania,19,15,FALSE,https://clarity.microsoft.com/player/ovyg4f84dj/11404pf/bia70f/?ss=1731429890000&sd=183
11/12/2024,6:39 PM,0:21,https://hoperiddle.s2-tastewp.com/?fbclid=IwZXh0bgNhZW0CMTEAAR2OimVla0ZrniUNwXI-NS9at6mEJ95BB0D-dthiNpPwhzo6iR85Hxp2b1E_aem_Aodlo04YAmyyeHD_CGgEBQ,https://hoperiddle.s2-tastewp.com/?fbclid=IwZXh0bgNhZW0CMTEAAR2OimVla0ZrniUNwXI-NS9at6mEJ95BB0D-dthiNpPwhzo6iR85Hxp2b1E_aem_Aodlo04YAmyyeHD_CGgEBQ,https://www.facebook.com/,yd16iq,Chrome,PC,Linux,United States,1,0,FALSE,https://clarity.microsoft.com/player/ovyg4f84dj/yd16iq/r0faby/?ss=1731429588000&sd=21
11/12/2024,6:31 PM,1:03,https://hoperiddle.s2-tastewp.com/,https://hoperiddle.s2-tastewp.com/category/quick-easy/,,4cyftc,Unknown,Mobile,iOS,Romania,3,4,FALSE,https://clarity.microsoft.com/player/ovyg4f84dj/4cyftc/mx8dhf/?ss=1731429112000&sd=63
11/12/2024,6:22 PM,0:06,https://hoperiddle.s2-tastewp.com/,https://hoperiddle.s2-tastewp.com/,https://hoperiddle.s2-tastewp.com/recipes/,1ij6mn1,MobileSafari,Mobile,iOS,Romania,1,0,FALSE,https://clarity.microsoft.com/player/ovyg4f84dj/1ij6mn1/563d6u/?ss=1731428571000&sd=6
11/12/2024,6:22 PM,0:03,https://hoperiddle.s2-tastewp.com/recipes/,https://hoperiddle.s2-tastewp.com/recipes/,https://hoperiddle.s2-tastewp.com/about/,1ij6mn1,MobileSafari,Mobile,iOS,Romania,1,1,FALSE,https://clarity.microsoft.com/player/ovyg4f84dj/1ij6mn1/efcbmo/?ss=1731428563000&sd=3
11/12/2024,5:59 PM,0:21,https://hoperiddle.s2-tastewp.com/recipes/,https://hoperiddle.s2-tastewp.com/about/,https://hoperiddle.s2-tastewp.com/,54lv7c,Safari,PC,MacOS,Romania,3,3,FALSE,https://clarity.microsoft.com/player/ovyg4f84dj/54lv7c/10d7t6i/?ss=1731427163000&sd=21
11/12/2024,2:51 PM,28:44:00,https://hoperiddle.s2-tastewp.com/about/,https://hoperiddle.s2-tastewp.com/recipes/,,1ij6mn1,MobileSafari,Mobile,iOS,Romania,3,3,FALSE,https://clarity.microsoft.com/player/ovyg4f84dj/1ij6mn1/vikghz/?ss=1731415913000&sd=1724
11/12/2024,2:47 PM,2:14,https://hoperiddle.s2-tastewp.com/about/,https://hoperiddle.s2-tastewp.com/about/,https://hoperiddle.s2-tastewp.com/,11e0f3i,MobileSafari,Mobile,iOS,Romania,1,0,FALSE,https://clarity.microsoft.com/player/ovyg4f84dj/11e0f3i/83w3mk/?ss=1731415629000&sd=134
11/12/2024,2:46 PM,26:23:00,https://hoperiddle.s2-tastewp.com/,https://hoperiddle.s2-tastewp.com/,,zoop35,Chrome,PC,Windows,Romania,17,18,FALSE,https://clarity.microsoft.com/player/ovyg4f84dj/zoop35/ymkghj/?ss=1731415602000&sd=1583
11/12/2024,1:48 PM,6:31,https://hoperiddle.s2-tastewp.com/,https://hoperiddle.s2-tastewp.com/,,wvoybd,Chrome,PC,Windows,Romania,1,0,FALSE,https://clarity.microsoft.com/player/ovyg4f84dj/wvoybd/1g2blbm/?ss=1731412125000&sd=391
11/11/2024,7:34 PM,2:55,https://hoperiddle.s2-tastewp.com/2024/11/03/greek-salad/,https://hoperiddle.s2-tastewp.com/2024/11/03/greek-salad/,https://hoperiddle.s2-tastewp.com/,54lv7c,Safari,PC,MacOS,Romania,5,4,FALSE,https://clarity.microsoft.com/player/ovyg4f84dj/54lv7c/88hoph/?ss=1731346446000&sd=175
11/11/2024,7:26 PM,28:31:00,https://hoperiddle.s2-tastewp.com/?fbclid=IwZXh0bgNhZW0CMTEAAR1UEe7PCMKVWLeCNFN7lm4mAvbnXaMQufy1RS5YakOzlESWKxvP5iPUoKc_aem_DT9OrtZVU97NxMAJYRebOw,https://hoperiddle.s2-tastewp.com/?fbclid=IwZXh0bgNhZW0CMTEAAR1UEe7PCMKVWLeCNFN7lm4mAvbnXaMQufy1RS5YakOzlESWKxvP5iPUoKc_aem_DT9OrtZVU97NxMAJYRebOw,,phsoft,Unknown,Mobile,iOS,Romania,1,0,FALSE,https://clarity.microsoft.com/player/ovyg4f84dj/phsoft/1io1gy/?ss=1731345964000&sd=1711
11/11/2024,6:19 PM,15:24,https://hoperiddle.s2-tastewp.com/,https://hoperiddle.s2-tastewp.com/recipes/,,wvoybd,Chrome,PC,Windows,Romania,7,9,FALSE,https://clarity.microsoft.com/player/ovyg4f84dj/wvoybd/ljnoba/?ss=1731341976000&sd=924
11/11/2024,6:16 PM,3:22,https://hoperiddle.s2-tastewp.com/,https://hoperiddle.s2-tastewp.com/,https://hoperiddle.s2-tastewp.com/wp-admin/upload.php,54lv7c,Safari,PC,MacOS,Romania,5,4,FALSE,https://clarity.microsoft.com/player/ovyg4f84dj/54lv7c/10jzi1o/?ss=1731341801000&sd=202
11/11/2024,4:32 PM,0:01,https://hoperiddle.s2-tastewp.com/,https://hoperiddle.s2-tastewp.com/,https://hoperiddle.s2-tastewp.com/recipes/,zoop35,Chrome,PC,Windows,Romania,1,0,FALSE,https://clarity.microsoft.com/player/ovyg4f84dj/zoop35/g2jdhv/?ss=1731335551000&sd=1
11/11/2024,2:41 PM,1:09,https://hoperiddle.s2-tastewp.com/,https://hoperiddle.s2-tastewp.com/about/,,1gowl5d,Unknown,Mobile,iOS,Romania,3,18,FALSE,https://clarity.microsoft.com/player/ovyg4f84dj/1gowl5d/6dniwa/?ss=1731328888000&sd=69
11/11/2024,12:53 PM,3:23,https://hoperiddle.s2-tastewp.com/,https://hoperiddle.s2-tastewp.com/,,wvoybd,Chrome,PC,Windows,Romania,1,1,FALSE,https://clarity.microsoft.com/player/ovyg4f84dj/wvoybd/1lq563f/?ss=1731322386000&sd=203
11/10/2024,2:57 PM,2:25,https://hoperiddle.s2-tastewp.com/recipes/,https://hoperiddle.s2-tastewp.com/,https://hoperiddle.s2-tastewp.com/,11e0f3i,MobileSafari,Mobile,iOS,Romania,2,0,FALSE,https://clarity.microsoft.com/player/ovyg4f84dj/11e0f3i/pgumb/?ss=1731243458000&sd=145
11/10/2024,2:01 PM,0:30,https://hoperiddle.s2-tastewp.com/?fbclid=PAZXh0bgNhZW0CMTEAAabkflp1bWkyBiJ5Oo3R3Qe1zGdbb4N9raZ1E6U8HmJuWtyl0BCbhdpt7Qw_aem_ySjCBVY5EMSg_uk9P6yRaw,https://hoperiddle.s2-tastewp.com/?fbclid=PAZXh0bgNhZW0CMTEAAabkflp1bWkyBiJ5Oo3R3Qe1zGdbb4N9raZ1E6U8HmJuWtyl0BCbhdpt7Qw_aem_ySjCBVY5EMSg_uk9P6yRaw,https://l.instagram.com/,i0osdf,Unknown,Mobile,iOS,Romania,1,0,FALSE,https://clarity.microsoft.com/player/ovyg4f84dj/i0osdf/tvedav/?ss=1731240079000&sd=30
11/10/2024,1:14 PM,53:38:00,https://hoperiddle.s2-tastewp.com/,https://hoperiddle.s2-tastewp.com/recipes/,https://hoperiddle.s2-tastewp.com/wp-admin/edit.php,11e0f3i,MobileSafari,Mobile,iOS,Romania,7,8,FALSE,https://clarity.microsoft.com/player/ovyg4f84dj/11e0f3i/1is7y86/?ss=1731237248000&sd=3218
11/10/2024,12:33 PM,0:09,https://hoperiddle.s2-tastewp.com/,https://hoperiddle.s2-tastewp.com/,,64x6wm,ChromeMobile,Mobile,Android,United States,1,0,FALSE,https://clarity.microsoft.com/player/ovyg4f84dj/64x6wm/1xpyfop/?ss=1731234798000&sd=9
11/10/2024,12:24 PM,1:56:32,https://hoperiddle.s2-tastewp.com/contact-proba/,https://hoperiddle.s2-tastewp.com/contact-proba/,https://hoperiddle.s2-tastewp.com/wp-admin/post.php?post=141&action=edit,wvoybd,Chrome,PC,Windows,Romania,71,52,FALSE,https://clarity.microsoft.com/player/ovyg4f84dj/wvoybd/1h1xxx0/?ss=1731234246000&sd=6992
11/9/2024,9:39 PM,1:09,https://hoperiddle.s2-tastewp.com/?fbclid=PAZXh0bgNhZW0CMTEAAaZy1vTOPo4N31B_hwG_Fd0JmdTQlYXicxT2POv2vA-5nV50jX9giuw3_O0_aem_uLHE6EK4-X4JTc3PutnIjA,https://hoperiddle.s2-tastewp.com/about/,https://l.instagram.com/,28h3ej,Unknown,Mobile,iOS,Romania,2,2,FALSE,https://clarity.microsoft.com/player/ovyg4f84dj/28h3ej/au7dlp/?ss=1731181198000&sd=69
11/9/2024,7:19 PM,0:09,https://hoperiddle.s2-tastewp.com/,https://hoperiddle.s2-tastewp.com/,,6jjdg8,Chrome,PC,MacOS,United States,1,0,FALSE,https://clarity.microsoft.com/player/ovyg4f84dj/6jjdg8/5pdsu3/?ss=1731172766000&sd=9
11/9/2024,7:01 PM,0:01,https://hoperiddle.s2-tastewp.com/about/,https://hoperiddle.s2-tastewp.com/about/,https://hoperiddle.s2-tastewp.com/contact-us/,1ij6mn1,MobileSafari,Mobile,iOS,Romania,1,2,FALSE,https://clarity.microsoft.com/player/ovyg4f84dj/1ij6mn1/17b298o/?ss=1731171711000&sd=1
